{
  "count": 50000,
  "mean": 0.20459406041651965,
  "std": 0.008037955689027005,
  "min": 0.19284898042678833,
  "max": 0.2628439664840698,
  "median": 0.20338428020477295,
  "q25": 0.19826222956180573,
  "q75": 0.20948130637407303
}