{
  "degradation_type": "soft_shading",
  "light_direction": [
    -0.08760302513837814,
    -0.3466672897338867,
    0.9338883757591248
  ],
  "ambient": 0.699384550115589,
  "has_specular": false,
  "specular_intensity": 0,
  "shininess": 0,
  "has_pattern": true,
  "pattern_type": "tree_foliage",
  "pattern_opacity": 0.5624813744705056,
  "pattern_blur": 41
}