{
  "degradation_type": "soft_shading",
  "light_direction": [
    -0.8954626321792603,
    -0.24440057575702667,
    0.3720417022705078
  ],
  "ambient": 0.8240889597185261,
  "has_specular": false,
  "specular_intensity": 0,
  "shininess": 0,
  "has_pattern": true,
  "pattern_type": "branch",
  "pattern_opacity": 0.4551209632901737,
  "pattern_blur": 31
}