{
  "degradation_type": "soft_shading",
  "light_direction": [
    -0.14321985840797424,
    -0.3021875321865082,
    0.9424281120300293
  ],
  "ambient": 0.7651789345014764,
  "has_specular": false,
  "specular_intensity": 0,
  "shininess": 0,
  "has_pattern": true,
  "pattern_type": "venetian_blind",
  "pattern_opacity": 0.3811778642324951,
  "pattern_blur": 41
}