{
  "degradation_type": "soft_shading",
  "light_direction": [
    0.3290829062461853,
    0.7984165549278259,
    0.5042176246643066
  ],
  "ambient": 0.606437430634347,
  "has_specular": false,
  "specular_intensity": 0,
  "shininess": 0,
  "has_pattern": true,
  "pattern_type": "voronoi",
  "pattern_opacity": 0.5151347594283736,
  "pattern_blur": 31
}