{
  "degradation_type": "soft_shading",
  "light_direction": [
    -0.3244127929210663,
    -0.2349197417497635,
    0.9162800312042236
  ],
  "ambient": 0.6038767494136701,
  "has_specular": false,
  "specular_intensity": 0,
  "shininess": 0,
  "has_pattern": true,
  "pattern_type": "window_frame",
  "pattern_opacity": 0.35658982041409415,
  "pattern_blur": 31
}