{
  "degradation_type": "soft_shading",
  "light_direction": [
    0.057344213128089905,
    -0.7386822700500488,
    0.6716101169586182
  ],
  "ambient": 0.8014279520840323,
  "has_specular": false,
  "specular_intensity": 0,
  "shininess": 0,
  "has_pattern": true,
  "pattern_type": "fence",
  "pattern_opacity": 0.37164324102573304,
  "pattern_blur": 21
}