{
  "degradation_type": "soft_shading",
  "light_direction": [
    0.26832276582717896,
    0.26415079832077026,
    0.9264055490493774
  ],
  "ambient": 0.6673500064226235,
  "has_specular": false,
  "specular_intensity": 0,
  "shininess": 0,
  "has_pattern": true,
  "pattern_type": "fence",
  "pattern_opacity": 0.3686016554046335,
  "pattern_blur": 51
}