{
  "degradation_type": "soft_shading",
  "light_direction": [
    -0.2415696382522583,
    0.6164520382881165,
    0.7494204044342041
  ],
  "ambient": 0.6746033666294663,
  "has_specular": false,
  "specular_intensity": 0,
  "shininess": 0,
  "has_pattern": true,
  "pattern_type": "branch",
  "pattern_opacity": 0.39359437952507337,
  "pattern_blur": 51
}