{
  "degradation_type": "soft_shading",
  "light_direction": [
    -0.8496233224868774,
    0.48036596179008484,
    0.2176896333694458
  ],
  "ambient": 0.6391636829795387,
  "has_specular": false,
  "specular_intensity": 0,
  "shininess": 0,
  "has_pattern": true,
  "pattern_type": "branch",
  "pattern_opacity": 0.4036975757240267,
  "pattern_blur": 41
}