{
  "degradation_type": "soft_shading",
  "light_direction": [
    0.0866813138127327,
    0.18762938678264618,
    0.9784076809883118
  ],
  "ambient": 0.8298320539849832,
  "has_specular": false,
  "specular_intensity": 0,
  "shininess": 0,
  "has_pattern": true,
  "pattern_type": "voronoi",
  "pattern_opacity": 0.4224240166906565,
  "pattern_blur": 31
}