{
  "degradation_type": "soft_shading",
  "light_direction": [
    -0.6884428858757019,
    -0.6415714025497437,
    0.33827877044677734
  ],
  "ambient": 0.7943910756285539,
  "has_specular": false,
  "specular_intensity": 0,
  "shininess": 0,
  "has_pattern": true,
  "pattern_type": "tree_foliage",
  "pattern_opacity": 0.49881791780596246,
  "pattern_blur": 21
}