{
  "degradation_type": "soft_shading",
  "light_direction": [
    -0.10006842762231827,
    -0.6300357580184937,
    0.770091712474823
  ],
  "ambient": 0.676129714044896,
  "has_specular": false,
  "specular_intensity": 0,
  "shininess": 0,
  "has_pattern": true,
  "pattern_type": "branch",
  "pattern_opacity": 0.4871103633308386,
  "pattern_blur": 51
}