{
  "degradation_type": "soft_shading",
  "light_direction": [
    0.6242270469665527,
    -0.7374458312988281,
    0.2579036355018616
  ],
  "ambient": 0.7794110682503392,
  "has_specular": false,
  "specular_intensity": 0,
  "shininess": 0,
  "has_pattern": true,
  "pattern_type": "venetian_blind",
  "pattern_opacity": 0.43352071583372054,
  "pattern_blur": 31
}