{
  "degradation_type": "soft_shading",
  "light_direction": [
    0.8743783831596375,
    -0.3550122082233429,
    0.33080023527145386
  ],
  "ambient": 0.6938254240531376,
  "has_specular": false,
  "specular_intensity": 0,
  "shininess": 0,
  "has_pattern": true,
  "pattern_type": "branch",
  "pattern_opacity": 0.5956019970181267,
  "pattern_blur": 51
}