{
  "degradation_type": "soft_shading",
  "light_direction": [
    0.8401142954826355,
    0.12010524421930313,
    0.5289449095726013
  ],
  "ambient": 0.7045946837427357,
  "has_specular": false,
  "specular_intensity": 0,
  "shininess": 0,
  "has_pattern": true,
  "pattern_type": "fence",
  "pattern_opacity": 0.485191215067807,
  "pattern_blur": 21
}