{
  "degradation_type": "soft_shading",
  "light_direction": [
    -0.03728710487484932,
    -0.3678828775882721,
    0.9291242361068726
  ],
  "ambient": 0.8353654029089816,
  "has_specular": false,
  "specular_intensity": 0,
  "shininess": 0,
  "has_pattern": true,
  "pattern_type": "curtain",
  "pattern_opacity": 0.38775234267064684,
  "pattern_blur": 51
}