{
  "degradation_type": "soft_shading",
  "light_direction": [
    0.23770105838775635,
    0.5801698565483093,
    0.7790386080741882
  ],
  "ambient": 0.8230346162226126,
  "has_specular": false,
  "specular_intensity": 0,
  "shininess": 0,
  "has_pattern": true,
  "pattern_type": "curtain",
  "pattern_opacity": 0.3731132760722877,
  "pattern_blur": 41
}